{
  "version": 8,
  "name": "Alidade Smooth",
  "metadata": {
    "mapbox:autocomposite": false,
    "openmaptiles:version": "3.x",
    "maputnik:renderer": "mbgljs"
  },
  "center": [10.184401828277087, -1.1368683772161605e-13],
  "zoom": 0.8902641636539237,
  "bearing": 0,
  "pitch": 0,
  "sources": {
    "openmaptiles": {
      "type": "vector",
      "url": "https://tiles.stadiamaps.com/data/openmaptiles.json"
    }
  },
  "sprite": "https://tiles.stadiamaps.com/styles/alidade-smooth/sprite",
  "glyphs": "https://tiles.stadiamaps.com/fonts/{fontstack}/{range}.pbf",
  "layers": [
    {
      "id": "background",
      "type": "background",
      "paint": {"background-color": "rgb(242,243,240)"}
    },
    {
      "id": "park_fill",
      "type": "fill",
      "source": "openmaptiles",
      "source-layer": "park",
      "filter": ["==", "$type", "Polygon"],
      "layout": {"visibility": "visible"},
      "paint": {"fill-color": "rgba(134, 186, 134, 1)"}
    },
    {
      "id": "landcover_ice_shelf",
      "type": "fill",
      "source": "openmaptiles",
      "source-layer": "landcover",
      "maxzoom": 8,
      "filter": [
        "all",
        ["==", "$type", "Polygon"],
        ["==", "subclass", "ice_shelf"]
      ],
      "layout": {"visibility": "visible"},
      "paint": {"fill-color": "hsl(0, 0%, 97%)", "fill-opacity": 0.7}
    },
    {
      "id": "landcover_glacier",
      "type": "fill",
      "source": "openmaptiles",
      "source-layer": "landcover",
      "maxzoom": 8,
      "filter": [
        "all",
        ["==", "$type", "Polygon"],
        ["==", "subclass", "glacier"]
      ],
      "layout": {"visibility": "visible"},
      "paint": {
        "fill-color": "hsl(0, 0%, 98%)",
        "fill-opacity": {"base": 1, "stops": [[0, 1], [8, 0.5]]}
      }
    },
    {
      "id": "landuse_residential",
      "type": "fill",
      "source": "openmaptiles",
      "source-layer": "landuse",
      "maxzoom": 16,
      "filter": [
        "all",
        ["==", "$type", "Polygon"],
        ["==", "class", "residential"]
      ],
      "layout": {"visibility": "visible"},
      "paint": {
        "fill-color": "rgba(151, 180, 192, 1)",
        "fill-opacity": {"base": 0.6, "stops": [[8, 0.8], [9, 0.6]]}
      }
    },
    {
      "id": "landcover_wood",
      "type": "fill",
      "source": "openmaptiles",
      "source-layer": "landcover",
      "minzoom": 10,
      "filter": ["all", ["==", "$type", "Polygon"], ["==", "class", "wood"]],
      "layout": {"visibility": "visible"},
      "paint": {
        "fill-color": "rgba(195, 172, 148, 1)",
        "fill-opacity": {"base": 1, "stops": [[8, 0], [12, 1]]}
      }
    },
    {
      "id": "landcover_park",
      "type": "fill",
      "source": "openmaptiles",
      "source-layer": "landcover",
      "minzoom": 10,
      "filter": ["all", ["==", "$type", "Polygon"], ["==", "subclass", "park"]],
      "layout": {"visibility": "visible"},
      "paint": {
        "fill-color": "rgba(134, 186, 134, 1)",
        "fill-opacity": {"base": 1, "stops": [[8, 0], [12, 0.8]]}
      }
    },
    {
      "id": "boundary_state",
      "type": "line",
      "source": "openmaptiles",
      "source-layer": "boundary",
      "filter": ["==", "admin_level", 4],
      "layout": {
        "line-cap": "round",
        "line-join": "round",
        "visibility": "visible"
      },
      "paint": {
        "line-blur": 0.4,
        "line-color": "rgb(230, 204, 207)",
        "line-dasharray": [2, 2],
        "line-opacity": 1,
        "line-width": {"base": 1.3, "stops": [[3, 1], [22, 15]]}
      }
    },
    {
      "id": "boundary_country",
      "type": "line",
      "source": "openmaptiles",
      "source-layer": "boundary",
      "filter": ["==", "admin_level", 2],
      "layout": {"line-cap": "round", "line-join": "round"},
      "paint": {
        "line-blur": {"base": 1, "stops": [[0, 0.4], [22, 4]]},
        "line-color": "rgb(230, 204, 207)",
        "line-opacity": 1,
        "line-width": {"base": 1.1, "stops": [[3, 1], [22, 20]]}
      }
    },
    {
      "id": "water",
      "type": "fill",
      "source": "openmaptiles",
      "source-layer": "water",
      "filter": ["==", "$type", "Polygon"],
      "layout": {"visibility": "visible"},
      "paint": {"fill-antialias": true, "fill-color": "rgba(74, 131, 149, 1)"}
    },
    {
      "id": "waterway",
      "type": "line",
      "source": "openmaptiles",
      "source-layer": "waterway",
      "filter": ["==", "$type", "LineString"],
      "layout": {"visibility": "visible"},
      "paint": {"line-color": "hsl(195, 17%, 78%)"}
    },
    {
      "id": "building",
      "type": "fill",
      "source": "openmaptiles",
      "source-layer": "building",
      "minzoom": 12,
      "filter": ["==", "$type", "Polygon"],
      "paint": {
        "fill-antialias": true,
        "fill-color": "hsl(95, 5%, 84%)",
        "fill-outline-color": "rgb(219, 219, 218)"
      }
    },
    {
      "id": "tunnel_motorway_casing",
      "type": "line",
      "source": "openmaptiles",
      "source-layer": "transportation",
      "minzoom": 6,
      "filter": [
        "all",
        ["==", "$type", "LineString"],
        ["all", ["==", "brunnel", "tunnel"], ["==", "class", "motorway"]]
      ],
      "layout": {
        "line-cap": "butt",
        "line-join": "miter",
        "visibility": "visible"
      },
      "paint": {
        "line-color": "rgb(212, 212, 212)",
        "line-opacity": 1,
        "line-width": {"base": 1.4, "stops": [[5.8, 0], [6, 3], [20, 35]]}
      }
    },
    {
      "id": "tunnel_motorway_inner",
      "type": "line",
      "source": "openmaptiles",
      "source-layer": "transportation",
      "minzoom": 6,
      "filter": [
        "all",
        ["==", "$type", "LineString"],
        ["all", ["==", "brunnel", "tunnel"], ["==", "class", "motorway"]]
      ],
      "layout": {
        "line-cap": "round",
        "line-join": "round",
        "visibility": "visible"
      },
      "paint": {
        "line-color": "rgb(234,234,234)",
        "line-width": {"base": 1.4, "stops": [[4, 2], [6, 1.3], [20, 30]]}
      }
    },
    {
      "id": "highway_path",
      "type": "line",
      "source": "openmaptiles",
      "source-layer": "transportation",
      "filter": [
        "all",
        ["==", "$type", "LineString"],
        ["in", "class", "path", "footway", "construction"]
      ],
      "layout": {
        "line-cap": "round",
        "line-join": "round",
        "visibility": "visible"
      },
      "paint": {
        "line-color": "hsl(0, 0%, 91%)",
        "line-opacity": 0.9,
        "line-width": {"base": 1.2, "stops": [[13, 1], [20, 10]]}
      }
    },
    {
      "id": "highway_minor",
      "type": "line",
      "source": "openmaptiles",
      "source-layer": "transportation",
      "minzoom": 8,
      "filter": [
        "all",
        ["==", "$type", "LineString"],
        ["in", "class", "minor", "service", "track"]
      ],
      "layout": {
        "line-cap": "round",
        "line-join": "round",
        "visibility": "visible"
      },
      "paint": {
        "line-color": {
          "base": 1,
          "stops": [
            [8, "hsl(0, 0%, 86%)"],
            [12, "hsl(0, 0%, 86%)"],
            [13, "hsl(0, 0%, 81%)"],
            [16, "hsl(0, 0%, 80%)"]
          ]
        },
        "line-opacity": 0.9,
        "line-width": {"base": 1.55, "stops": [[13, 1], [18, 8]]}
      }
    },
    {
      "id": "highway_major_casing",
      "type": "line",
      "source": "openmaptiles",
      "source-layer": "transportation",
      "minzoom": 12,
      "filter": [
        "all",
        ["==", "$type", "LineString"],
        ["in", "class", "primary", "secondary", "tertiary", "trunk"]
      ],
      "layout": {
        "line-cap": "butt",
        "line-join": "miter",
        "visibility": "visible"
      },
      "paint": {
        "line-color": "rgb(213, 213, 213)",
        "line-dasharray": [12, 0],
        "line-width": {"base": 1.3, "stops": [[10, 3], [20, 20]]}
      }
    },
    {
      "id": "highway_major_inner",
      "type": "line",
      "source": "openmaptiles",
      "source-layer": "transportation",
      "minzoom": 12,
      "filter": [
        "all",
        ["==", "$type", "LineString"],
        ["in", "class", "primary", "secondary", "tertiary", "trunk"]
      ],
      "layout": {
        "line-cap": "round",
        "line-join": "round",
        "visibility": "visible"
      },
      "paint": {
        "line-color": "#efefef",
        "line-width": {"base": 1.3, "stops": [[10, 2], [20, 18]]}
      }
    },
    {
      "id": "highway_major_subtle",
      "type": "line",
      "source": "openmaptiles",
      "source-layer": "transportation",
      "maxzoom": 12,
      "filter": [
        "all",
        ["==", "$type", "LineString"],
        ["in", "class", "primary", "secondary", "tertiary", "trunk"]
      ],
      "layout": {
        "line-cap": "round",
        "line-join": "round",
        "visibility": "visible"
      },
      "paint": {"line-color": "rgba(176, 176, 176, 1)", "line-width": 1}
    },
    {
      "id": "highway_motorway_casing",
      "type": "line",
      "source": "openmaptiles",
      "source-layer": "transportation",
      "minzoom": 6,
      "filter": [
        "all",
        ["==", "$type", "LineString"],
        [
          "all",
          ["!in", "brunnel", "bridge", "tunnel"],
          ["==", "class", "motorway"]
        ]
      ],
      "layout": {
        "line-cap": "butt",
        "line-join": "miter",
        "visibility": "visible"
      },
      "paint": {
        "line-color": "rgba(176, 176, 176, 1)",
        "line-dasharray": [2, 0],
        "line-opacity": 1,
        "line-width": {"base": 1.4, "stops": [[5.8, 0], [6, 3], [20, 30]]}
      }
    },
    {
      "id": "highway_motorway_inner",
      "type": "line",
      "source": "openmaptiles",
      "source-layer": "transportation",
      "minzoom": 6,
      "filter": [
        "all",
        ["==", "$type", "LineString"],
        [
          "all",
          ["!in", "brunnel", "bridge", "tunnel"],
          ["==", "class", "motorway"]
        ]
      ],
      "layout": {
        "line-cap": "round",
        "line-join": "round",
        "visibility": "visible"
      },
      "paint": {
        "line-color": "#efefef",
        "line-width": {"base": 1.4, "stops": [[4, 2], [6, 1.3], [20, 25]]}
      }
    },
    {
      "id": "highway_motorway_subtle",
      "type": "line",
      "source": "openmaptiles",
      "source-layer": "transportation",
      "maxzoom": 6,
      "filter": [
        "all",
        ["==", "$type", "LineString"],
        ["==", "class", "motorway"]
      ],
      "layout": {
        "line-cap": "round",
        "line-join": "round",
        "visibility": "visible"
      },
      "paint": {
        "line-color": "hsla(0, 0%, 85%, 0.53)",
        "line-width": {"base": 1.4, "stops": [[4, 0.75], [5, 1.5]]}
      }
    },
    {
      "id": "railway_service",
      "type": "line",
      "source": "openmaptiles",
      "source-layer": "transportation",
      "minzoom": 16,
      "filter": [
        "all",
        ["==", "$type", "LineString"],
        ["all", ["==", "class", "rail"], ["has", "service"]]
      ],
      "layout": {"line-join": "round", "visibility": "visible"},
      "paint": {"line-color": "#ddd", "line-width": 3}
    },
    {
      "id": "railway_service_dashline",
      "type": "line",
      "source": "openmaptiles",
      "source-layer": "transportation",
      "minzoom": 16,
      "filter": [
        "all",
        ["==", "$type", "LineString"],
        ["==", "class", "rail"],
        ["has", "service"]
      ],
      "layout": {"line-join": "round", "visibility": "visible"},
      "paint": {
        "line-color": "#fafafa",
        "line-dasharray": [3, 3],
        "line-width": 2
      }
    },
    {
      "id": "railway",
      "type": "line",
      "source": "openmaptiles",
      "source-layer": "transportation",
      "minzoom": 13,
      "filter": [
        "all",
        ["==", "$type", "LineString"],
        ["all", ["!has", "service"], ["==", "class", "rail"]]
      ],
      "layout": {"line-join": "round", "visibility": "visible"},
      "paint": {
        "line-color": "#ddd",
        "line-width": {"base": 1.3, "stops": [[16, 3], [20, 7]]}
      }
    },
    {
      "id": "railway_dashline",
      "type": "line",
      "source": "openmaptiles",
      "source-layer": "transportation",
      "minzoom": 13,
      "filter": [
        "all",
        ["==", "$type", "LineString"],
        ["all", ["!has", "service"], ["==", "class", "rail"]]
      ],
      "layout": {"line-join": "round", "visibility": "visible"},
      "paint": {
        "line-color": "#fafafa",
        "line-dasharray": [3, 3],
        "line-width": {"base": 1.3, "stops": [[16, 2], [20, 6]]}
      }
    },
    {
      "id": "aeroway_line",
      "type": "line",
      "source": "openmaptiles",
      "source-layer": "aeroway",
      "filter": ["==", "$type", "LineString"],
      "layout": {"visibility": "visible"},
      "paint": {"line-color": "#ddd"}
    },
    {
      "id": "highway_motorway_bridge_casing",
      "type": "line",
      "source": "openmaptiles",
      "source-layer": "transportation",
      "minzoom": 6,
      "filter": [
        "all",
        ["==", "$type", "LineString"],
        ["all", ["==", "brunnel", "bridge"], ["==", "class", "motorway"]]
      ],
      "layout": {
        "line-cap": "butt",
        "line-join": "miter",
        "visibility": "visible"
      },
      "paint": {
        "line-color": "rgb(213, 213, 213)",
        "line-dasharray": [2, 0],
        "line-opacity": 1,
        "line-width": {"base": 1.4, "stops": [[5.8, 0], [6, 5], [20, 35]]}
      }
    },
    {
      "id": "highway_motorway_bridge_inner",
      "type": "line",
      "source": "openmaptiles",
      "source-layer": "transportation",
      "minzoom": 6,
      "filter": [
        "all",
        ["==", "$type", "LineString"],
        ["all", ["==", "brunnel", "bridge"], ["==", "class", "motorway"]]
      ],
      "layout": {
        "line-cap": "round",
        "line-join": "round",
        "visibility": "visible"
      },
      "paint": {
        "line-color": "#efefef",
        "line-width": {"base": 1.4, "stops": [[4, 2], [6, 1.3], [20, 30]]}
      }
    },
    {
      "id": "highway_name_other",
      "type": "symbol",
      "source": "openmaptiles",
      "source-layer": "transportation_name",
      "filter": [
        "all",
        [
          "!in",
          "class",
          "motorway",
          "trunk",
          "primary",
          "secondary",
          "tertiary"
        ],
        ["==", "$type", "LineString"]
      ],
      "layout": {
        "symbol-avoid-edges": true,
        "symbol-placement": "line",
        "symbol-spacing": 350,
        "text-field": [
          "concat",
          ["get", "name:latin"],
          [
            "case",
            [
              "all",
              ["has", "name:nonlatin"],
              ["is-supported-script", ["get", "name:nonlatin"]]
            ],
            ["concat", " ", ["get", "name:nonlatin"]],
            ""
          ]
        ],
        "text-font": ["Stadia Regular"],
        "text-max-angle": 30,
        "text-pitch-alignment": "viewport",
        "text-rotation-alignment": "map",
        "text-size": 12,
        "text-transform": "uppercase",
        "visibility": "visible"
      },
      "paint": {
        "text-color": "rgba(0, 0, 0, 1)",
        "text-halo-blur": 1,
        "text-halo-color": "#fefefe",
        "text-halo-width": 2,
        "text-translate": [0, 0]
      }
    },
    {
      "id": "water_name_line",
      "type": "symbol",
      "source": "openmaptiles",
      "source-layer": "water_name",
      "filter": ["==", "$type", "LineString"],
      "layout": {
        "symbol-avoid-edges": true,
        "symbol-placement": "line",
        "symbol-spacing": 500,
        "text-field": [
          "concat",
          ["get", "name:latin"],
          [
            "case",
            [
              "all",
              ["has", "name:nonlatin"],
              ["is-supported-script", ["get", "name:nonlatin"]]
            ],
            ["concat", "\n", ["get", "name:nonlatin"]],
            ""
          ]
        ],
        "text-font": ["Stadia Italic"],
        "text-letter-spacing": 0.25,
        "text-line-height": 1.55,
        "text-pitch-alignment": "viewport",
        "text-rotation-alignment": "map",
        "text-size": 14
      },
      "paint": {
        "text-color": "#999",
        "text-halo-blur": 1,
        "text-halo-color": "rgb(242,243,240)",
        "text-halo-width": 1
      }
    },
    {
      "id": "water_name_nonocean",
      "type": "symbol",
      "source": "openmaptiles",
      "source-layer": "water_name",
      "filter": ["all", ["==", "$type", "Point"], ["!in", "class", "ocean"]],
      "layout": {
        "symbol-avoid-edges": true,
        "symbol-placement": "point",
        "text-field": [
          "concat",
          ["get", "name:latin"],
          [
            "case",
            [
              "all",
              ["has", "name:nonlatin"],
              ["is-supported-script", ["get", "name:nonlatin"]]
            ],
            ["concat", "\n", ["get", "name:nonlatin"]],
            ""
          ]
        ],
        "text-font": ["Stadia Italic"],
        "text-letter-spacing": 0.1,
        "text-line-height": 1.55,
        "text-size": {"stops": [[0, 14], [6, 16]]}
      },
      "paint": {
        "text-color": "rgba(0, 0, 0, 1)",
        "text-halo-blur": 1,
        "text-halo-color": "rgb(242,243,240)",
        "text-halo-width": 1
      }
    },
    {
      "id": "water_name_ocean",
      "type": "symbol",
      "source": "openmaptiles",
      "source-layer": "water_name",
      "filter": ["all", ["==", "$type", "Point"], ["==", "class", "ocean"]],
      "layout": {
        "symbol-avoid-edges": true,
        "symbol-placement": "point",
        "text-field": [
          "concat",
          ["get", "name:latin"],
          [
            "case",
            [
              "all",
              ["has", "name:nonlatin"],
              ["is-supported-script", ["get", "name:nonlatin"]]
            ],
            ["concat", "\n", ["get", "name:nonlatin"]],
            ""
          ]
        ],
        "text-font": ["Stadia Italic"],
        "text-letter-spacing": 0.2,
        "text-line-height": 1.55,
        "text-size": 18
      },
      "paint": {
        "text-color": "#999",
        "text-halo-blur": 1,
        "text-halo-color": "rgb(242,243,240)",
        "text-halo-width": 2
      }
    },
    {
      "id": "poi_gen1",
      "type": "symbol",
      "source": "openmaptiles",
      "source-layer": "poi",
      "minzoom": 15,
      "filter": [
        "all",
        ["in", "class", "park"],
        ["<=", "rank", 3],
        ["==", "$type", "Point"]
      ],
      "layout": {
        "symbol-avoid-edges": true,
        "text-anchor": "center",
        "text-field": [
          "concat",
          ["get", "name:latin"],
          [
            "case",
            [
              "all",
              ["has", "name:nonlatin"],
              ["is-supported-script", ["get", "name:nonlatin"]]
            ],
            ["concat", "\n", ["get", "name:nonlatin"]],
            ""
          ]
        ],
        "text-font": ["Stadia Regular"],
        "text-justify": "center",
        "text-line-height": 1.55,
        "text-size": 14,
        "visibility": "visible"
      },
      "paint": {
        "text-color": "#aaa",
        "text-halo-blur": 1,
        "text-halo-color": "#fff",
        "text-halo-width": 1,
        "text-translate": [0, 0]
      }
    },
    {
      "id": "poi_gen0_parks",
      "type": "symbol",
      "source": "openmaptiles",
      "source-layer": "poi",
      "filter": [
        "all",
        ["==", "subclass", "park"],
        ["==", "rank", 1],
        ["==", "$type", "Point"]
      ],
      "layout": {
        "symbol-avoid-edges": true,
        "text-anchor": "center",
        "text-field": [
          "concat",
          ["get", "name:latin"],
          [
            "case",
            [
              "all",
              ["has", "name:nonlatin"],
              ["is-supported-script", ["get", "name:nonlatin"]]
            ],
            ["concat", "\n", ["get", "name:nonlatin"]],
            ""
          ]
        ],
        "text-font": ["Stadia Regular"],
        "text-justify": "center",
        "text-line-height": 1.55,
        "text-size": 14,
        "visibility": "visible"
      },
      "paint": {
        "text-color": "#aaa",
        "text-halo-blur": 1,
        "text-halo-color": "#fff",
        "text-halo-width": 1,
        "text-translate": [0, 0]
      }
    },
    {
      "id": "poi_gen0_other",
      "type": "symbol",
      "source": "openmaptiles",
      "source-layer": "poi",
      "filter": [
        "all",
        ["in", "subclass", "university", "hospital"],
        ["<=", "rank", 3],
        ["==", "$type", "Point"]
      ],
      "layout": {
        "symbol-avoid-edges": true,
        "text-anchor": "center",
        "text-field": [
          "concat",
          ["get", "name:latin"],
          [
            "case",
            [
              "all",
              ["has", "name:nonlatin"],
              ["is-supported-script", ["get", "name:nonlatin"]]
            ],
            ["concat", "\n", ["get", "name:nonlatin"]],
            ""
          ]
        ],
        "text-font": ["Stadia Regular"],
        "text-justify": "center",
        "text-line-height": 1.55,
        "text-size": 14,
        "visibility": "visible"
      },
      "paint": {
        "text-color": "#aaa",
        "text-halo-blur": 1,
        "text-halo-color": "#fff",
        "text-halo-width": 1,
        "text-translate": [0, 0]
      }
    },
    {
      "id": "place_other",
      "type": "symbol",
      "source": "openmaptiles",
      "source-layer": "place",
      "minzoom": 11,
      "maxzoom": 14,
      "filter": [
        "all",
        ["!in", "class", "city", "suburb", "town", "village"],
        ["==", "$type", "Point"]
      ],
      "layout": {
        "symbol-avoid-edges": true,
        "text-anchor": "center",
        "text-field": [
          "concat",
          ["get", "name:latin"],
          [
            "case",
            [
              "all",
              ["has", "name:nonlatin"],
              ["is-supported-script", ["get", "name:nonlatin"]]
            ],
            ["concat", "\n", ["get", "name:nonlatin"]],
            ""
          ]
        ],
        "text-font": ["Stadia Regular"],
        "text-justify": "center",
        "text-letter-spacing": 0.1,
        "text-line-height": 1.55,
        "text-offset": [0.5, 0],
        "text-padding": {"base": 1, "stops": [[11, 10], [12, 2]]},
        "text-size": {"base": 1, "stops": [[3, 10], [14, 12]]},
        "visibility": "visible"
      },
      "paint": {
        "text-color": "rgba(0, 0, 0, 1)",
        "text-halo-blur": 1,
        "text-halo-color": "rgb(242,243,240)",
        "text-halo-width": 2
      }
    },
    {
      "id": "highway_name_major",
      "type": "symbol",
      "source": "openmaptiles",
      "source-layer": "transportation_name",
      "filter": [
        "all",
        ["in", "class", "trunk", "primary", "secondary", "tertiary"],
        ["==", "$type", "LineString"]
      ],
      "layout": {
        "symbol-avoid-edges": true,
        "symbol-placement": "line",
        "symbol-spacing": 350,
        "text-field": [
          "concat",
          ["get", "name:latin"],
          [
            "case",
            [
              "all",
              ["has", "name:nonlatin"],
              ["is-supported-script", ["get", "name:nonlatin"]]
            ],
            ["concat", " ", ["get", "name:nonlatin"]],
            ""
          ]
        ],
        "text-font": ["Stadia Regular"],
        "text-line-height": 1.55,
        "text-max-angle": 30,
        "text-pitch-alignment": "viewport",
        "text-rotation-alignment": "map",
        "text-size": 13,
        "text-transform": "uppercase",
        "visibility": "visible"
      },
      "paint": {
        "text-color": "rgba(0, 0, 0, 1)",
        "text-halo-blur": 1,
        "text-halo-color": "#fefefe",
        "text-halo-width": 2,
        "text-translate": [0, 0]
      }
    },
    {
      "id": "highway_shield_other",
      "type": "symbol",
      "source": "openmaptiles",
      "source-layer": "transportation_name",
      "minzoom": 8,
      "filter": [
        "all",
        ["<=", "ref_length", 6],
        ["==", "$type", "LineString"],
        ["!in", "network", "us-highway", "us-state", "us-interstate"]
      ],
      "layout": {
        "icon-image": "road_{ref_length}",
        "icon-rotation-alignment": "viewport",
        "icon-size": 1,
        "symbol-avoid-edges": true,
        "symbol-placement": {"base": 1, "stops": [[10, "point"], [11, "line"]]},
        "text-field": "{ref}",
        "text-font": ["Stadia Regular"],
        "text-rotation-alignment": "viewport",
        "text-size": 10
      }
    },
    {
      "id": "highway_shield_us_other",
      "type": "symbol",
      "source": "openmaptiles",
      "source-layer": "transportation_name",
      "minzoom": 9,
      "filter": [
        "all",
        ["<=", "ref_length", 6],
        ["==", "$type", "LineString"],
        ["in", "network", "us-highway", "us-state"]
      ],
      "layout": {
        "icon-image": "{network}_{ref_length}",
        "icon-rotation-alignment": "viewport",
        "icon-size": 1,
        "symbol-avoid-edges": true,
        "symbol-placement": {"base": 1, "stops": [[10, "point"], [11, "line"]]},
        "text-field": "{ref}",
        "text-font": ["Stadia Regular"],
        "text-rotation-alignment": "viewport",
        "text-size": 10
      }
    },
    {
      "id": "highway_shield_us_interstate",
      "type": "symbol",
      "source": "openmaptiles",
      "source-layer": "transportation_name",
      "minzoom": 7,
      "filter": [
        "all",
        ["<=", "ref_length", 3],
        ["==", "$type", "LineString"],
        ["==", "network", "us-interstate"]
      ],
      "layout": {
        "icon-image": "{network}_{ref_length}",
        "icon-rotation-alignment": "viewport",
        "icon-size": 1,
        "symbol-avoid-edges": true,
        "symbol-placement": "line",
        "text-field": "{ref}",
        "text-font": ["Stadia Regular"],
        "text-rotation-alignment": "viewport",
        "text-size": 10
      }
    },
    {
      "id": "place_suburb",
      "type": "symbol",
      "source": "openmaptiles",
      "source-layer": "place",
      "maxzoom": 15,
      "filter": ["all", ["==", "$type", "Point"], ["==", "class", "suburb"]],
      "layout": {
        "symbol-avoid-edges": true,
        "text-anchor": "center",
        "text-field": [
          "concat",
          ["get", "name:latin"],
          [
            "case",
            [
              "all",
              ["has", "name:nonlatin"],
              ["is-supported-script", ["get", "name:nonlatin"]]
            ],
            ["concat", "\n", ["get", "name:nonlatin"]],
            ""
          ]
        ],
        "text-font": ["Stadia Regular"],
        "text-justify": "center",
        "text-line-height": 1.55,
        "text-offset": [0.5, 0],
        "text-size": {"base": 1, "stops": [[3, 10], [14, 13]]},
        "visibility": "visible"
      },
      "paint": {
        "text-color": "rgba(0, 0, 0, 1)",
        "text-halo-blur": 1,
        "text-halo-color": "rgb(242,243,240)",
        "text-halo-width": 1,
        "text-opacity": 1
      }
    },
    {
      "id": "place_village",
      "type": "symbol",
      "source": "openmaptiles",
      "source-layer": "place",
      "maxzoom": 14,
      "filter": ["all", ["==", "$type", "Point"], ["==", "class", "village"]],
      "layout": {
        "icon-size": 0.4,
        "symbol-avoid-edges": true,
        "text-anchor": "left",
        "text-field": [
          "concat",
          ["get", "name:latin"],
          [
            "case",
            [
              "all",
              ["has", "name:nonlatin"],
              ["is-supported-script", ["get", "name:nonlatin"]]
            ],
            ["concat", "\n", ["get", "name:nonlatin"]],
            ""
          ]
        ],
        "text-font": ["Stadia Regular"],
        "text-justify": "left",
        "text-line-height": 1.55,
        "text-offset": [0.5, 0.2],
        "text-size": {"base": 1, "stops": [[3, 10], [14, 13]]},
        "visibility": "visible"
      },
      "paint": {
        "icon-opacity": 0.6,
        "text-color": "rgba(0, 0, 0, 1)",
        "text-halo-blur": 1,
        "text-halo-color": "rgb(242,243,240)",
        "text-halo-width": 2
      }
    },
    {
      "id": "airport_label_gen0",
      "type": "symbol",
      "source": "openmaptiles",
      "source-layer": "aerodrome_label",
      "minzoom": 10,
      "filter": ["all", ["has", "iata"]],
      "layout": {
        "text-field": [
          "concat",
          ["get", "name:latin"],
          [
            "case",
            [
              "all",
              ["has", "name:nonlatin"],
              ["is-supported-script", ["get", "name:nonlatin"]]
            ],
            ["concat", "\n", ["get", "name:nonlatin"]],
            ""
          ]
        ],
        "text-font": ["Stadia Regular"],
        "text-line-height": 1.55,
        "text-max-width": 9,
        "text-padding": 2,
        "text-size": 13,
        "visibility": "visible"
      },
      "paint": {
        "text-color": "rgba(0, 0, 0, 1)",
        "text-halo-blur": 1,
        "text-halo-color": "#fff",
        "text-halo-width": 2,
        "text-translate": [0, 0]
      }
    },
    {
      "id": "place_town",
      "type": "symbol",
      "source": "openmaptiles",
      "source-layer": "place",
      "maxzoom": 15,
      "filter": ["all", ["==", "$type", "Point"], ["==", "class", "town"]],
      "layout": {
        "icon-image": {"base": 1, "stops": [[0, "circle-11"], [8, ""]]},
        "icon-size": 0.4,
        "symbol-avoid-edges": true,
        "text-anchor": {"base": 1, "stops": [[0, "left"], [8, "center"]]},
        "text-field": [
          "concat",
          ["get", "name:latin"],
          [
            "case",
            [
              "all",
              ["has", "name:nonlatin"],
              ["is-supported-script", ["get", "name:nonlatin"]]
            ],
            ["concat", "\n", ["get", "name:nonlatin"]],
            ""
          ]
        ],
        "text-font": ["Stadia Regular"],
        "text-justify": "left",
        "text-line-height": 1.55,
        "text-offset": [0.5, 0.2],
        "text-size": {"base": 1, "stops": [[3, 10], [14, 13]]},
        "visibility": "visible"
      },
      "paint": {
        "icon-opacity": 0.6,
        "text-color": "rgba(0, 0, 0, 1)",
        "text-halo-blur": 1,
        "text-halo-color": "rgb(242,243,240)",
        "text-halo-width": 2
      }
    },
    {
      "id": "place_city",
      "type": "symbol",
      "source": "openmaptiles",
      "source-layer": "place",
      "filter": [
        "all",
        ["==", "$type", "Point"],
        ["all", ["!=", "capital", 2], ["==", "class", "city"], [">", "rank", 3]]
      ],
      "layout": {
        "icon-image": {"base": 1, "stops": [[0, "circle-11"], [8, ""]]},
        "icon-size": 0.4,
        "text-anchor": {"base": 1, "stops": [[0, "left"], [8, "center"]]},
        "text-field": [
          "concat",
          ["get", "name:latin"],
          [
            "case",
            [
              "all",
              ["has", "name:nonlatin"],
              ["is-supported-script", ["get", "name:nonlatin"]]
            ],
            ["concat", "\n", ["get", "name:nonlatin"]],
            ""
          ]
        ],
        "text-font": ["Stadia Regular"],
        "text-justify": "left",
        "text-line-height": 1.55,
        "text-offset": [0.5, 0.2],
        "text-size": {"base": 1, "stops": [[3, 10], [14, 18]]},
        "text-transform": "uppercase",
        "visibility": "visible"
      },
      "paint": {
        "icon-opacity": 0.7,
        "text-color": "rgba(0, 0, 0, 1)",
        "text-halo-blur": 1,
        "text-halo-color": "rgb(242,243,240)",
        "text-halo-width": 1
      }
    },
    {
      "id": "place_city_large",
      "type": "symbol",
      "source": "openmaptiles",
      "source-layer": "place",
      "filter": [
        "all",
        ["==", "$type", "Point"],
        [
          "all",
          ["!=", "capital", 2],
          ["<=", "rank", 3],
          ["==", "class", "city"]
        ]
      ],
      "layout": {
        "icon-image": {"base": 1, "stops": [[0, "circle-11"], [8, ""]]},
        "icon-size": 0.4,
        "text-anchor": {"base": 1, "stops": [[0, "left"], [8, "center"]]},
        "text-field": [
          "concat",
          ["get", "name:latin"],
          [
            "case",
            [
              "all",
              ["has", "name:nonlatin"],
              ["is-supported-script", ["get", "name:nonlatin"]]
            ],
            ["concat", "\n", ["get", "name:nonlatin"]],
            ""
          ]
        ],
        "text-font": ["Stadia Regular"],
        "text-justify": "left",
        "text-line-height": 1.55,
        "text-offset": [0.5, 0.2],
        "text-size": {"base": 1, "stops": [[4, 11], [12, 18], [14, 22]]},
        "text-transform": "uppercase",
        "visibility": "visible"
      },
      "paint": {
        "icon-opacity": 0.7,
        "text-color": "rgba(0, 0, 0, 1)",
        "text-halo-blur": 1,
        "text-halo-color": "rgb(242,243,240)",
        "text-halo-width": 3
      }
    },
    {
      "id": "place_capital_gen1",
      "type": "symbol",
      "source": "openmaptiles",
      "source-layer": "place",
      "minzoom": 4,
      "filter": [
        "all",
        ["==", "$type", "Point"],
        ["all", ["==", "capital", 2], ["==", "class", "city"], [">", "rank", 3]]
      ],
      "layout": {
        "icon-image": {"base": 1, "stops": [[0, "star-11"], [8, ""]]},
        "icon-size": 1,
        "symbol-avoid-edges": true,
        "text-anchor": {"base": 1, "stops": [[0, "left"], [8, "center"]]},
        "text-field": [
          "concat",
          ["get", "name:latin"],
          [
            "case",
            [
              "all",
              ["has", "name:nonlatin"],
              ["is-supported-script", ["get", "name:nonlatin"]]
            ],
            ["concat", "\n", ["get", "name:nonlatin"]],
            ""
          ]
        ],
        "text-font": ["Stadia Regular"],
        "text-justify": "left",
        "text-line-height": 1.55,
        "text-offset": [0.5, 0.2],
        "text-size": {"base": 1, "stops": [[3, 13], [14, 24]]},
        "text-transform": "uppercase",
        "visibility": "visible"
      },
      "paint": {
        "icon-opacity": 0.7,
        "text-color": "rgb(117, 129, 145)",
        "text-halo-blur": 1,
        "text-halo-color": "rgb(242,243,240)",
        "text-halo-width": 1
      }
    },
    {
      "id": "place_capital_gen0",
      "type": "symbol",
      "source": "openmaptiles",
      "source-layer": "place",
      "filter": [
        "all",
        ["==", "$type", "Point"],
        [
          "all",
          ["==", "capital", 2],
          ["==", "class", "city"],
          ["<=", "rank", 3]
        ]
      ],
      "layout": {
        "icon-image": {"base": 1, "stops": [[0, "star-11"], [8, ""]]},
        "icon-size": 1,
        "text-anchor": {"base": 1, "stops": [[0, "left"], [8, "center"]]},
        "text-field": [
          "concat",
          ["get", "name:latin"],
          [
            "case",
            [
              "all",
              ["has", "name:nonlatin"],
              ["is-supported-script", ["get", "name:nonlatin"]]
            ],
            ["concat", "\n", ["get", "name:nonlatin"]],
            ""
          ]
        ],
        "text-font": ["Stadia Regular"],
        "text-justify": "left",
        "text-line-height": 1.55,
        "text-offset": [0.5, 0.2],
        "text-size": {"base": 1, "stops": [[3, 13], [14, 24]]},
        "text-transform": "uppercase",
        "visibility": "visible"
      },
      "paint": {
        "icon-opacity": 0.7,
        "text-color": "rgb(117, 129, 145)",
        "text-halo-blur": 1,
        "text-halo-color": "rgb(242,243,240)",
        "text-halo-width": 1
      }
    },
    {
      "id": "place_state",
      "type": "symbol",
      "source": "openmaptiles",
      "source-layer": "place",
      "maxzoom": 12,
      "filter": ["all", ["==", "$type", "Point"], ["==", "class", "state"]],
      "layout": {
        "symbol-avoid-edges": true,
        "text-field": [
          "concat",
          ["get", "name:latin"],
          [
            "case",
            [
              "all",
              ["has", "name:nonlatin"],
              ["is-supported-script", ["get", "name:nonlatin"]]
            ],
            ["concat", "\n", ["get", "name:nonlatin"]],
            ""
          ]
        ],
        "text-font": ["Stadia Regular"],
        "text-line-height": 1.55,
        "text-size": 10,
        "text-transform": "uppercase",
        "visibility": "visible"
      },
      "paint": {
        "text-color": "rgb(113, 129, 144)",
        "text-halo-blur": 1,
        "text-halo-color": "rgb(242,243,240)",
        "text-halo-width": 1
      }
    },
    {
      "id": "place_country_other",
      "type": "symbol",
      "source": "openmaptiles",
      "source-layer": "place",
      "minzoom": 1,
      "maxzoom": 10,
      "filter": [
        "all",
        ["==", "$type", "Point"],
        ["all", ["==", "class", "country"], [">=", "rank", 2]]
      ],
      "layout": {
        "symbol-avoid-edges": true,
        "text-field": [
          "concat",
          ["get", "name:latin"],
          [
            "case",
            [
              "all",
              ["has", "name:nonlatin"],
              ["is-supported-script", ["get", "name:nonlatin"]]
            ],
            ["concat", "\n", ["get", "name:nonlatin"]],
            ""
          ]
        ],
        "text-font": ["Stadia Semibold"],
        "text-letter-spacing": 0.05,
        "text-line-height": 1.55,
        "text-padding": 10,
        "text-size": {"base": 1, "stops": [[0, 12], [6, 14], [9, 24]]},
        "text-transform": "uppercase",
        "visibility": "visible"
      },
      "paint": {
        "text-color": {
          "base": 1,
          "stops": [[3, "rgb(157,169,177)"], [4, "rgb(153, 153, 153)"]]
        },
        "text-halo-color": "rgba(236,236,234,0.7)",
        "text-halo-width": 1.4
      }
    },
    {
      "id": "place_country_major",
      "type": "symbol",
      "source": "openmaptiles",
      "source-layer": "place",
      "minzoom": 1,
      "maxzoom": 10,
      "filter": [
        "all",
        ["==", "$type", "Point"],
        ["all", ["<=", "rank", 1], ["==", "class", "country"]]
      ],
      "layout": {
        "symbol-avoid-edges": true,
        "text-anchor": "center",
        "text-field": [
          "concat",
          ["get", "name:latin"],
          [
            "case",
            [
              "all",
              ["has", "name:nonlatin"],
              ["is-supported-script", ["get", "name:nonlatin"]]
            ],
            ["concat", "\n", ["get", "name:nonlatin"]],
            ""
          ]
        ],
        "text-font": ["Stadia Semibold"],
        "text-letter-spacing": 0.05,
        "text-line-height": 1.55,
        "text-size": {"base": 1.4, "stops": [[0, 12], [6, 16], [9, 24]]},
        "text-transform": "uppercase",
        "visibility": "visible"
      },
      "paint": {
        "text-color": {
          "base": 1,
          "stops": [[3, "rgb(157,169,177)"], [4, "rgb(153, 153, 153)"]]
        },
        "text-halo-color": "rgba(236,236,234,0.7)",
        "text-halo-width": 1.4
      }
    },
    {
      "id": "place-continent",
      "type": "symbol",
      "source": "openmaptiles",
      "source-layer": "place",
      "maxzoom": 1,
      "filter": ["==", "class", "continent"],
      "layout": {
        "text-field": "{name:latin}",
        "text-font": ["Stadia Bold"],
        "text-letter-spacing": 0.1,
        "text-max-width": 6.25,
        "text-size": 16,
        "text-transform": "uppercase",
        "visibility": "visible"
      },
      "paint": {
        "text-color": "rgb(157,169,177)",
        "text-halo-color": "rgba(236,236,234,0.7)",
        "text-halo-width": 1.4
      }
    }
  ],
  "id": "njhlydu1k"
}