<?xml version="1.0" encoding="UTF-8" standalone="yes"?>
<Workbook xmlns="urn:schemas-microsoft-com:office:spreadsheet" xmlns:o="urn:schemas-microsoft-com:office:office" xmlns:x="urn:schemas-microsoft-com:office:excel" xmlns:ss="urn:schemas-microsoft-com:office:spreadsheet" xmlns:dt="uuid:C2F41010-65B3-11d1-A29F-00AA00C14882" xmlns:html="http://www.w3.org/TR/REC-html40"><Styles><Style ss:ID="Default" ss:Name="Normal"><NumberFormat/></Style><Style ss:ID="s21"><NumberFormat ss:Format="General"/></Style></Styles><Worksheet ss:Name="Sheet1"><Table><Row ss:Index="1"><Cell ss:StyleID="s21" ss:Index="1"><Data ss:Type="String">Country</Data></Cell><Cell ss:StyleID="s21" ss:Index="2"><Data ss:Type="String">Last Name</Data></Cell><Cell ss:StyleID="s21" ss:Index="3"><Data ss:Type="String">Quarter</Data></Cell><Cell ss:StyleID="s21" ss:Index="4"><Data ss:Type="String">Sales</Data></Cell></Row><Row ss:Index="2"><Cell ss:StyleID="s21" ss:Index="1"><Data ss:Type="String">UK</Data></Cell><Cell ss:StyleID="s21" ss:Index="2"><Data ss:Type="String">Smith</Data></Cell><Cell ss:StyleID="s21" ss:Index="3"><Data ss:Type="String">Qtr 3</Data></Cell><Cell ss:StyleID="s21" ss:Index="4"><Data ss:Type="Number">16753</Data></Cell></Row><Row ss:Index="3"><Cell ss:StyleID="s21" ss:Index="1"><Data ss:Type="String">USA</Data></Cell><Cell ss:StyleID="s21" ss:Index="2"><Data ss:Type="String">Johnson</Data></Cell><Cell ss:StyleID="s21" ss:Index="3"><Data ss:Type="String">Qtr 4</Data></Cell><Cell ss:StyleID="s21" ss:Index="4"><Data ss:Type="Number">14808</Data></Cell></Row><Row ss:Index="4"><Cell ss:StyleID="s21" ss:Index="1"><Data ss:Type="String">UK</Data></Cell><Cell ss:StyleID="s21" ss:Index="2"><Data ss:Type="String">Williams</Data></Cell><Cell ss:StyleID="s21" ss:Index="3"><Data ss:Type="String">Qtr 2</Data></Cell><Cell ss:StyleID="s21" ss:Index="4"><Data ss:Type="Number">10644</Data></Cell></Row><Row ss:Index="5"><Cell ss:StyleID="s21" ss:Index="1"><Data ss:Type="String">USA</Data></Cell><Cell ss:StyleID="s21" ss:Index="2"><Data ss:Type="String">Jones</Data></Cell><Cell ss:StyleID="s21" ss:Index="3"><Data ss:Type="String">Qtr 3</Data></Cell><Cell ss:StyleID="s21" ss:Index="4"><Data ss:Type="Number">1390</Data></Cell></Row><Row ss:Index="6"><Cell ss:StyleID="s21" ss:Index="1"><Data ss:Type="String">USA</Data></Cell><Cell ss:StyleID="s21" ss:Index="2"><Data ss:Type="String">Brown</Data></Cell><Cell ss:StyleID="s21" ss:Index="3"><Data ss:Type="String">Qtr 4</Data></Cell><Cell ss:StyleID="s21" ss:Index="4"><Data ss:Type="Number">4865</Data></Cell></Row><Row ss:Index="7"><Cell ss:StyleID="s21" ss:Index="1"><Data ss:Type="String">UK</Data></Cell><Cell ss:StyleID="s21" ss:Index="2"><Data ss:Type="String">Williams</Data></Cell><Cell ss:StyleID="s21" ss:Index="3"><Data ss:Type="String">Qtr 1</Data></Cell><Cell ss:StyleID="s21" ss:Index="4"><Data ss:Type="Number">12438</Data></Cell></Row><Row ss:Index="8"><Cell ss:StyleID="s21" ss:Index="1"><Data ss:Type="String">UK</Data></Cell><Cell ss:StyleID="s21" ss:Index="2"><Data ss:Type="String">Johnson</Data></Cell><Cell ss:StyleID="s21" ss:Index="3"><Data ss:Type="String">Qtr 2</Data></Cell><Cell ss:StyleID="s21" ss:Index="4"><Data ss:Type="Number">9339</Data></Cell></Row><Row ss:Index="9"><Cell ss:StyleID="s21" ss:Index="1"><Data ss:Type="String">USA</Data></Cell><Cell ss:StyleID="s21" ss:Index="2"><Data ss:Type="String">Smith</Data></Cell><Cell ss:StyleID="s21" ss:Index="3"><Data ss:Type="String">Qtr 3</Data></Cell><Cell ss:StyleID="s21" ss:Index="4"><Data ss:Type="Number">18919</Data></Cell></Row><Row ss:Index="10"><Cell ss:StyleID="s21" ss:Index="1"><Data ss:Type="String">USA</Data></Cell><Cell ss:StyleID="s21" ss:Index="2"><Data ss:Type="String">Jones</Data></Cell><Cell ss:StyleID="s21" ss:Index="3"><Data ss:Type="String">Qtr 4</Data></Cell><Cell ss:StyleID="s21" ss:Index="4"><Data ss:Type="Number">9213</Data></Cell></Row><Row ss:Index="11"><Cell ss:StyleID="s21" ss:Index="1"><Data ss:Type="String">UK</Data></Cell><Cell ss:StyleID="s21" ss:Index="2"><Data ss:Type="String">Jones</Data></Cell><Cell ss:StyleID="s21" ss:Index="3"><Data ss:Type="String">Qtr 1</Data></Cell><Cell ss:StyleID="s21" ss:Index="4"><Data ss:Type="Number">7433</Data></Cell></Row><Row ss:Index="12"><Cell ss:StyleID="s21" ss:Index="1"><Data ss:Type="String">USA</Data></Cell><Cell ss:StyleID="s21" ss:Index="2"><Data ss:Type="String">Brown</Data></Cell><Cell ss:StyleID="s21" ss:Index="3"><Data ss:Type="String">Qtr 2</Data></Cell><Cell ss:StyleID="s21" ss:Index="4"><Data ss:Type="Number">3255</Data></Cell></Row><Row ss:Index="13"><Cell ss:StyleID="s21" ss:Index="1"><Data ss:Type="String">USA</Data></Cell><Cell ss:StyleID="s21" ss:Index="2"><Data ss:Type="String">Williams</Data></Cell><Cell ss:StyleID="s21" ss:Index="3"><Data ss:Type="String">Qtr 3</Data></Cell><Cell ss:StyleID="s21" ss:Index="4"><Data ss:Type="Number">14867</Data></Cell></Row><Row ss:Index="14"><Cell ss:StyleID="s21" ss:Index="1"><Data ss:Type="String">UK</Data></Cell><Cell ss:StyleID="s21" ss:Index="2"><Data ss:Type="String">Williams</Data></Cell><Cell ss:StyleID="s21" ss:Index="3"><Data ss:Type="String">Qtr 4</Data></Cell><Cell ss:StyleID="s21" ss:Index="4"><Data ss:Type="Number">19302</Data></Cell></Row><Row ss:Index="15"><Cell ss:StyleID="s21" ss:Index="1"><Data ss:Type="String">USA</Data></Cell><Cell ss:StyleID="s21" ss:Index="2"><Data ss:Type="String">Smith</Data></Cell><Cell ss:StyleID="s21" ss:Index="3"><Data ss:Type="String">Qtr 1</Data></Cell><Cell ss:StyleID="s21" ss:Index="4"><Data ss:Type="Number">9698</Data></Cell></Row></Table></Worksheet></Workbook>