[
  {
    "Last Name": "Smith",
    "Sales": 16753,
    "Country": "UK",
    "Quarter": "Qtr 3"
  },
  {
    "Last Name": "Johnson",
    "Sales": 14808,
    "Country": "USA",
    "Quarter": "Qtr 4"
  },
  {
    "Last Name": "Williams",
    "Sales": 10644,
    "Country": "UK",
    "Quarter": "Qtr 2"
  },
  {
    "Last Name": "Jones",
    "Sales": 1390,
    "Country": "USA",
    "Quarter": "Qtr 3"
  },
  {
    "Last Name": "Brown",
    "Sales": 4865,
    "Country": "USA",
    "Quarter": "Qtr 4"
  },
  {
    "Last Name": "Williams",
    "Sales": 12438,
    "Country": "UK",
    "Quarter": "Qtr 1"
  },
  {
    "Last Name": "Johnson",
    "Sales": 9339,
    "Country": "UK",
    "Quarter": "Qtr 2"
  },
  {
    "Last Name": "Smith",
    "Sales": 18919,
    "Country": "USA",
    "Quarter": "Qtr 3"
  },
  {
    "Last Name": "Jones",
    "Sales": 9213,
    "Country": "USA",
    "Quarter": "Qtr 4"
  },
  {
    "Last Name": "Jones",
    "Sales": 7433,
    "Country": "UK",
    "Quarter": "Qtr 1"
  },
  {
    "Last Name": "Brown",
    "Sales": 3255,
    "Country": "USA",
    "Quarter": "Qtr 2"
  },
  {
    "Last Name": "Williams",
    "Sales": 14867,
    "Country": "USA",
    "Quarter": "Qtr 3"
  },
  {
    "Last Name": "Williams",
    "Sales": 19302,
    "Country": "UK",
    "Quarter": "Qtr 4"
  },
  {
    "Last Name": "Smith",
    "Sales": 9698,
    "Country": "USA",
    "Quarter": "Qtr 1"
  }
]