[
  {
    "name": "r",
    "age": 906,
    "gender": "MALE",
    "address": {
      "zipcode": 631
    }
  },
  {
    "name": "oYBuz",
    "age": 255,
    "gender": "FEMALE",
    "address": {
      "zipcode": 690
    }
  },
  {
    "name": "xKMgdHyLw",
    "age": null,
    "gender": "FEMALE",
    "address": {
      "zipcode": 304
    }
  },
  {
    "name": "MPPsYun",
    "age": null,
    "gender": "MALE",
    "address": {
      "zipcode": 875
    }
  },
  {
    "name": "XTrq",
    "age": 167,
    "gender": "MALE",
    "address": {
      "zipcode": 973
    }
  },
  {
    "name": "g",
    "age": null,
    "gender": "FEMALE",
    "address": {
      "zipcode": 351
    }
  },
  {
    "name": "ynx",
    "age": null,
    "gender": "FEMALE",
    "address": {
      "zipcode": 525
    }
  },
  {
    "name": "xPFZ",
    "age": null,
    "gender": "FEMALE",
    "address": {
      "zipcode": 921
    }
  },
  {
    "name": "bRHCLEwdglb",
    "age": 541,
    "gender": "MALE",
    "address": {
      "zipcode": 123
    }
  },
  {
    "name": "UVcDVhxpyCziyBSiRasp",
    "age": null,
    "gender": "FEMALE",
    "address": {
      "zipcode": 53
    }
  }
]