{
  "fields": [
    {
      "name": "Capital",
      "type": {
        "indices": {
          "isSigned": false,
          "bitWidth": 32
        },
        "dictionary": {},
        "isOrdered": false,
        "dictionaryVector": [
          "Montgomery",
          "Juneau",
          "Phoenix",
          "Little Rock",
          "Sacramento",
          "Denver",
          "Hartford",
          "Dover",
          "Tallahassee",
          "Atlanta",
          "Honolulu",
          "Boise",
          "Springfield",
          "Indianapolis",
          "Des Moines",
          "Topeka",
          "Frankfort",
          "Baton Rouge",
          "Augusta",
          "Annapolis",
          "Boston",
          "Lansing",
          "St. Paul",
          "Jackson",
          "Jefferson City",
          "Helena",
          "Lincoln",
          "Carson City",
          "Concord",
          "Trenton",
          "Santa Fe",
          "Albany",
          "Raleigh",
          "Bismarck",
          "Columbus",
          "Oklahoma City",
          "Salem",
          "Harrisburg",
          "Providence",
          "Columbia",
          "Pierre",
          "Nashville",
          "Austin",
          "Salt Lake City",
          "Montpelier",
          "Richmond",
          "Olympia",
          "Charleston",
          "Madison",
          "Cheyenne"
        ],
        "id": 0
      },
      "nullable": false,
      "metadata": {}
    },
    {
      "name": "Latitude",
      "type": {
        "precision": 2
      },
      "nullable": false,
      "metadata": {}
    },
    {
      "name": "Longitude",
      "type": {
        "precision": 2
      },
      "nullable": false,
      "metadata": {}
    },
    {
      "name": "ST",
      "type": {
        "indices": {
          "isSigned": false,
          "bitWidth": 32
        },
        "dictionary": {},
        "isOrdered": false,
        "dictionaryVector": [
          "AL",
          "AK",
          "AZ",
          "AR",
          "CA",
          "CO",
          "CT",
          "DE",
          "FL",
          "GA",
          "HI",
          "ID",
          "IL",
          "IN",
          "IA",
          "KS",
          "KY",
          "LA",
          "ME",
          "MD",
          "MA",
          "MI",
          "MN",
          "MS",
          "MO",
          "MT",
          "NE",
          "NV",
          "NH",
          "NJ",
          "NM",
          "NY",
          "NC",
          "ND",
          "OH",
          "OK",
          "OR",
          "PA",
          "RI",
          "SC",
          "SD",
          "TN",
          "TX",
          "UT",
          "VT",
          "VA",
          "WA",
          "WV",
          "WI",
          "WY"
        ],
        "id": 1
      },
      "nullable": false,
      "metadata": {}
    },
    {
      "name": "State",
      "type": {
        "indices": {
          "isSigned": false,
          "bitWidth": 32
        },
        "dictionary": {},
        "isOrdered": false,
        "dictionaryVector": [
          "Alabama",
          "Alaska",
          "Arizona",
          "Arkansas",
          "California",
          "Colorado",
          "Connecticut",
          "Delaware",
          "Florida",
          "Georgia",
          "Hawaii",
          "Idaho",
          "Illinois",
          "Indiana",
          "Iowa",
          "Kansas",
          "Kentucky",
          "Louisiana",
          "Maine",
          "Maryland",
          "Massachusetts",
          "Michigan",
          "Minnesota",
          "Mississippi",
          "Missouri",
          "Montana",
          "Nebraska",
          "Nevada",
          "New Hampshire",
          "New Jersey",
          "New Mexico",
          "New York",
          "North Carolina",
          "North Dakota",
          "Ohio",
          "Oklahoma",
          "Oregon",
          "Pennsylvania",
          "Rhode Island",
          "South Carolina",
          "South Dakota",
          "Tennessee",
          "Texas",
          "Utah",
          "Vermont",
          "Virginia",
          "Washington",
          "West Virginia",
          "Wisconsin",
          "Wyoming"
        ],
        "id": 2
      },
      "nullable": false,
      "metadata": {}
    }
  ],
  "metadata": {},
  "dictionaries": {},
  "dictionaryFields": {}
}